<?xml version="1.0" encoding="UTF-8"?>
<export version="D">
  <design>
    <source>/Users/thomas/Documents/Dev/musical_instrument_v2/musical_instrument_v2.sch</source>
    <date>2018 June 22, Friday 23:35:49</date>
    <tool>Eeschema 4.0.6</tool>
    <sheet number="1" name="/" tstamps="/">
      <title_block>
        <title/>
        <company/>
        <rev/>
        <date/>
        <source>musical_instrument_v2.sch</source>
        <comment number="1" value=""/>
        <comment number="2" value=""/>
        <comment number="3" value=""/>
        <comment number="4" value=""/>
      </title_block>
    </sheet>
  </design>
  <components>
    <comp ref="J1">
      <value>CONN_01X17</value>
      <footprint>Pin_Headers:Pin_Header_Angled_1x17_Pitch1.27mm</footprint>
      <libsource lib="conn" part="CONN_01X17"/>
      <sheetpath names="/" tstamps="/"/>
      <tstamp>5B2CF903</tstamp>
    </comp>
    <comp ref="J2">
      <value>CONN_01X17</value>
      <footprint>Pin_Headers:Pin_Header_Angled_1x17_Pitch1.27mm</footprint>
      <libsource lib="conn" part="CONN_01X17"/>
      <sheetpath names="/" tstamps="/"/>
      <tstamp>5B2CF954</tstamp>
    </comp>
    <comp ref="A1">
      <value>pad</value>
      <libsource lib="musical_instrument_v2-cache" part="pad"/>
      <sheetpath names="/" tstamps="/"/>
      <tstamp>5B2CFC7C</tstamp>
    </comp>
    <comp ref="A2">
      <value>pad</value>
      <footprint>ttempe_lib:contact_switch_pad</footprint>
      <libsource lib="musical_instrument_v2-cache" part="pad"/>
      <sheetpath names="/" tstamps="/"/>
      <tstamp>5B2CFCC1</tstamp>
    </comp>
    <comp ref="A3">
      <value>pad</value>
      <footprint>ttempe_lib:contact_switch_pad</footprint>
      <libsource lib="musical_instrument_v2-cache" part="pad"/>
      <sheetpath names="/" tstamps="/"/>
      <tstamp>5B2CFCEA</tstamp>
    </comp>
    <comp ref="A4">
      <value>pad</value>
      <footprint>ttempe_lib:contact_switch_pad</footprint>
      <libsource lib="musical_instrument_v2-cache" part="pad"/>
      <sheetpath names="/" tstamps="/"/>
      <tstamp>5B2CFD49</tstamp>
    </comp>
    <comp ref="A5">
      <value>pad</value>
      <footprint>ttempe_lib:contact_switch_pad</footprint>
      <libsource lib="musical_instrument_v2-cache" part="pad"/>
      <sheetpath names="/" tstamps="/"/>
      <tstamp>5B2CFD7D</tstamp>
    </comp>
    <comp ref="A6">
      <value>pad</value>
      <footprint>ttempe_lib:contact_switch_pad</footprint>
      <libsource lib="musical_instrument_v2-cache" part="pad"/>
      <sheetpath names="/" tstamps="/"/>
      <tstamp>5B2CFDA8</tstamp>
    </comp>
    <comp ref="R8">
      <value>4K</value>
      <footprint>Resistors_SMD:R_0805_HandSoldering</footprint>
      <libsource lib="device" part="R_Small"/>
      <sheetpath names="/" tstamps="/"/>
      <tstamp>5B2D0CF1</tstamp>
    </comp>
    <comp ref="R9">
      <value>4K</value>
      <footprint>Resistors_SMD:R_0805_HandSoldering</footprint>
      <libsource lib="device" part="R_Small"/>
      <sheetpath names="/" tstamps="/"/>
      <tstamp>5B2D0F9A</tstamp>
    </comp>
    <comp ref="R4">
      <value>4K</value>
      <footprint>Resistors_SMD:R_0805_HandSoldering</footprint>
      <libsource lib="device" part="R_Small"/>
      <sheetpath names="/" tstamps="/"/>
      <tstamp>5B2D0FD2</tstamp>
    </comp>
    <comp ref="R5">
      <value>4K</value>
      <footprint>Resistors_SMD:R_0805_HandSoldering</footprint>
      <libsource lib="device" part="R_Small"/>
      <sheetpath names="/" tstamps="/"/>
      <tstamp>5B2D1040</tstamp>
    </comp>
    <comp ref="R6">
      <value>4K</value>
      <footprint>Resistors_SMD:R_0805_HandSoldering</footprint>
      <libsource lib="device" part="R_Small"/>
      <sheetpath names="/" tstamps="/"/>
      <tstamp>5B2D107C</tstamp>
    </comp>
    <comp ref="R7">
      <value>4K</value>
      <footprint>Resistors_SMD:R_0805_HandSoldering</footprint>
      <libsource lib="device" part="R_Small"/>
      <sheetpath names="/" tstamps="/"/>
      <tstamp>5B2D10B8</tstamp>
    </comp>
    <comp ref="B1">
      <value>button</value>
      <libsource lib="musical_instrument_v2-cache" part="button"/>
      <sheetpath names="/" tstamps="/"/>
      <tstamp>5B2D16A0</tstamp>
    </comp>
    <comp ref="B2">
      <value>button</value>
      <libsource lib="musical_instrument_v2-cache" part="button"/>
      <sheetpath names="/" tstamps="/"/>
      <tstamp>5B2D170C</tstamp>
    </comp>
    <comp ref="B3">
      <value>button</value>
      <libsource lib="musical_instrument_v2-cache" part="button"/>
      <sheetpath names="/" tstamps="/"/>
      <tstamp>5B2D1750</tstamp>
    </comp>
    <comp ref="B4">
      <value>button</value>
      <libsource lib="musical_instrument_v2-cache" part="button"/>
      <sheetpath names="/" tstamps="/"/>
      <tstamp>5B2D179D</tstamp>
    </comp>
    <comp ref="B5">
      <value>button</value>
      <libsource lib="musical_instrument_v2-cache" part="button"/>
      <sheetpath names="/" tstamps="/"/>
      <tstamp>5B2D17F0</tstamp>
    </comp>
    <comp ref="D2">
      <value>LED</value>
      <footprint>LEDs:LED_D5.0mm_Horizontal_O1.27mm_Z3.0mm</footprint>
      <libsource lib="device" part="LED"/>
      <sheetpath names="/" tstamps="/"/>
      <tstamp>5B2D2353</tstamp>
    </comp>
    <comp ref="D3">
      <value>LED</value>
      <footprint>LEDs:LED_D5.0mm_Horizontal_O1.27mm_Z3.0mm</footprint>
      <libsource lib="device" part="LED"/>
      <sheetpath names="/" tstamps="/"/>
      <tstamp>5B2D2434</tstamp>
    </comp>
    <comp ref="R2">
      <value>220</value>
      <footprint>Resistors_SMD:R_0805_HandSoldering</footprint>
      <libsource lib="device" part="R_Small"/>
      <sheetpath names="/" tstamps="/"/>
      <tstamp>5B2D2830</tstamp>
    </comp>
    <comp ref="R3">
      <value>220</value>
      <footprint>Resistors_SMD:R_0805_HandSoldering</footprint>
      <libsource lib="device" part="R_Small"/>
      <sheetpath names="/" tstamps="/"/>
      <tstamp>5B2D2E75</tstamp>
    </comp>
    <comp ref="D1">
      <value>Photoreceptor</value>
      <footprint>LEDs:LED_D5.0mm_Horizontal_O1.27mm_Z3.0mm</footprint>
      <libsource lib="musical_instrument_v2-cache" part="Photoreceptor"/>
      <sheetpath names="/" tstamps="/"/>
      <tstamp>5B2D3119</tstamp>
    </comp>
    <comp ref="R1">
      <value>100K</value>
      <footprint>Resistors_SMD:R_0805_HandSoldering</footprint>
      <libsource lib="device" part="R_Small"/>
      <sheetpath names="/" tstamps="/"/>
      <tstamp>5B2D34A2</tstamp>
    </comp>
    <comp ref="B6">
      <value>Switch</value>
      <libsource lib="musical_instrument_v2-cache" part="Switch"/>
      <sheetpath names="/" tstamps="/"/>
      <tstamp>5B2D4AC5</tstamp>
    </comp>
    <comp ref="D_PW1">
      <value>LED</value>
      <footprint>LEDs:LED_D5.0mm</footprint>
      <libsource lib="device" part="LED"/>
      <sheetpath names="/" tstamps="/"/>
      <tstamp>5B2D7041</tstamp>
    </comp>
    <comp ref="R10">
      <value>220</value>
      <footprint>Resistors_SMD:R_0805_HandSoldering</footprint>
      <libsource lib="device" part="R_Small"/>
      <sheetpath names="/" tstamps="/"/>
      <tstamp>5B2D73A0</tstamp>
    </comp>
    <comp ref="RV1">
      <value>POT_TRIM</value>
      <footprint>ttempe_lib:potentiometer_3p</footprint>
      <libsource lib="device" part="POT_TRIM"/>
      <sheetpath names="/" tstamps="/"/>
      <tstamp>5B2D3848</tstamp>
    </comp>
  </components>
  <libparts>
    <libpart lib="conn" part="CONN_01X17">
      <description>Connector, single row, 01x17, pin header</description>
      <footprints>
        <fp>Pin_Header_Straight_1X*</fp>
        <fp>Pin_Header_Angled_1X*</fp>
        <fp>Socket_Strip_Straight_1X*</fp>
        <fp>Socket_Strip_Angled_1X*</fp>
      </footprints>
      <fields>
        <field name="Reference">J</field>
        <field name="Value">CONN_01X17</field>
      </fields>
      <pins>
        <pin num="1" name="P1" type="passive"/>
        <pin num="2" name="P2" type="passive"/>
        <pin num="3" name="P3" type="passive"/>
        <pin num="4" name="P4" type="passive"/>
        <pin num="5" name="P5" type="passive"/>
        <pin num="6" name="P6" type="passive"/>
        <pin num="7" name="P7" type="passive"/>
        <pin num="8" name="P8" type="passive"/>
        <pin num="9" name="P9" type="passive"/>
        <pin num="10" name="P10" type="passive"/>
        <pin num="11" name="P11" type="passive"/>
        <pin num="12" name="P12" type="passive"/>
        <pin num="13" name="P13" type="passive"/>
        <pin num="14" name="P14" type="passive"/>
        <pin num="15" name="P15" type="passive"/>
        <pin num="16" name="P16" type="passive"/>
        <pin num="17" name="P17" type="passive"/>
      </pins>
    </libpart>
    <libpart lib="device" part="LED">
      <description>LED generic</description>
      <footprints>
        <fp>LED*</fp>
      </footprints>
      <fields>
        <field name="Reference">D</field>
        <field name="Value">LED</field>
      </fields>
      <pins>
        <pin num="1" name="K" type="passive"/>
        <pin num="2" name="A" type="passive"/>
      </pins>
    </libpart>
    <libpart lib="device" part="POT_TRIM">
      <description>Trim-Potentionmeter</description>
      <fields>
        <field name="Reference">RV</field>
        <field name="Value">POT_TRIM</field>
      </fields>
      <pins>
        <pin num="1" name="1" type="passive"/>
        <pin num="2" name="2" type="passive"/>
        <pin num="3" name="3" type="passive"/>
      </pins>
    </libpart>
    <libpart lib="musical_instrument_v2-cache" part="Photoreceptor">
      <description>LED generic</description>
      <footprints>
        <fp>LED*</fp>
      </footprints>
      <fields>
        <field name="Reference">D</field>
        <field name="Value">Photoreceptor</field>
      </fields>
      <pins>
        <pin num="1" name="K" type="passive"/>
        <pin num="2" name="A" type="passive"/>
      </pins>
    </libpart>
    <libpart lib="device" part="R_Small">
      <description>Resistor, small symbol</description>
      <footprints>
        <fp>R_*</fp>
      </footprints>
      <fields>
        <field name="Reference">R</field>
        <field name="Value">R_Small</field>
      </fields>
      <pins>
        <pin num="1" name="~" type="passive"/>
        <pin num="2" name="~" type="passive"/>
      </pins>
    </libpart>
    <libpart lib="musical_instrument_v2-cache" part="Switch">
      <fields>
        <field name="Reference">B</field>
        <field name="Value">Switch</field>
      </fields>
      <pins>
        <pin num="1" name="1" type="BiDi"/>
        <pin num="2" name="2" type="BiDi"/>
        <pin num="3" name="3" type="BiDi"/>
      </pins>
    </libpart>
    <libpart lib="musical_instrument_v2-cache" part="button">
      <fields>
        <field name="Reference">B</field>
        <field name="Value">button</field>
      </fields>
      <pins>
        <pin num="1" name="1" type="BiDi"/>
        <pin num="2" name="2" type="BiDi"/>
      </pins>
    </libpart>
    <libpart lib="musical_instrument_v2-cache" part="pad">
      <fields>
        <field name="Reference">A</field>
        <field name="Value">pad</field>
      </fields>
      <pins>
        <pin num="1" name="1" type="BiDi"/>
        <pin num="2" name="2" type="BiDi"/>
      </pins>
    </libpart>
  </libparts>
  <libraries>
    <library logical="device">
      <uri>/Library/Application Support/kicad/library/device.lib</uri>
    </library>
    <library logical="conn">
      <uri>/Library/Application Support/kicad/library/conn.lib</uri>
    </library>
    <library logical="musical_instrument_v2-cache">
      <uri>/Users/thomas/Documents/Dev/musical_instrument_v2/musical_instrument_v2-cache.lib</uri>
    </library>
  </libraries>
  <nets>
    <net code="1" name="Net-(D2-Pad1)">
      <node ref="R2" pin="1"/>
      <node ref="D2" pin="1"/>
    </net>
    <net code="2" name="Net-(D3-Pad1)">
      <node ref="D3" pin="1"/>
      <node ref="R3" pin="1"/>
    </net>
    <net code="3" name="10">
      <node ref="R2" pin="2"/>
      <node ref="J1" pin="15"/>
    </net>
    <net code="4" name="11">
      <node ref="R3" pin="2"/>
      <node ref="J1" pin="16"/>
    </net>
    <net code="5" name="+3V3">
      <node ref="R7" pin="1"/>
      <node ref="R6" pin="1"/>
      <node ref="R5" pin="1"/>
      <node ref="R4" pin="1"/>
      <node ref="R9" pin="2"/>
      <node ref="R8" pin="2"/>
      <node ref="J2" pin="15"/>
      <node ref="RV1" pin="3"/>
      <node ref="J2" pin="16"/>
      <node ref="R1" pin="1"/>
    </net>
    <net code="6" name="5">
      <node ref="J1" pin="10"/>
      <node ref="B1" pin="2"/>
    </net>
    <net code="7" name="12">
      <node ref="J1" pin="17"/>
      <node ref="B2" pin="2"/>
    </net>
    <net code="8" name="7">
      <node ref="J1" pin="12"/>
      <node ref="B3" pin="2"/>
    </net>
    <net code="9" name="8">
      <node ref="J1" pin="13"/>
      <node ref="B4" pin="1"/>
    </net>
    <net code="10" name="9">
      <node ref="J1" pin="14"/>
      <node ref="B5" pin="1"/>
    </net>
    <net code="11" name="Net-(J1-Pad4)">
      <node ref="J1" pin="4"/>
    </net>
    <net code="12" name="Net-(J1-Pad3)">
      <node ref="J1" pin="3"/>
    </net>
    <net code="13" name="Net-(J1-Pad2)">
      <node ref="J1" pin="2"/>
    </net>
    <net code="14" name="Net-(J1-Pad1)">
      <node ref="J1" pin="1"/>
    </net>
    <net code="15" name="Net-(D_PW1-Pad1)">
      <node ref="D_PW1" pin="1"/>
      <node ref="R10" pin="1"/>
    </net>
    <net code="16" name="GND">
      <node ref="A6" pin="2"/>
      <node ref="A1" pin="1"/>
      <node ref="RV1" pin="1"/>
      <node ref="D_PW1" pin="2"/>
      <node ref="B5" pin="2"/>
      <node ref="B4" pin="2"/>
      <node ref="B3" pin="1"/>
      <node ref="B2" pin="1"/>
      <node ref="B1" pin="1"/>
      <node ref="D3" pin="2"/>
      <node ref="D2" pin="2"/>
      <node ref="B6" pin="2"/>
    </net>
    <net code="17" name="+5V">
      <node ref="J2" pin="6"/>
      <node ref="R10" pin="2"/>
    </net>
    <net code="18" name="Net-(D1-Pad2)">
      <node ref="D1" pin="2"/>
    </net>
    <net code="19" name="A7">
      <node ref="RV1" pin="2"/>
      <node ref="J1" pin="11"/>
    </net>
    <net code="20" name="A6">
      <node ref="D1" pin="1"/>
      <node ref="R1" pin="2"/>
      <node ref="J1" pin="9"/>
    </net>
    <net code="21" name="Net-(B6-Pad3)">
      <node ref="B6" pin="3"/>
    </net>
    <net code="22" name="Net-(J2-Pad8)">
      <node ref="J2" pin="8"/>
    </net>
    <net code="23" name="Net-(J2-Pad7)">
      <node ref="J2" pin="7"/>
    </net>
    <net code="24" name="Net-(J2-Pad5)">
      <node ref="J2" pin="5"/>
    </net>
    <net code="25" name="Net-(J2-Pad3)">
      <node ref="J2" pin="3"/>
    </net>
    <net code="26" name="Net-(J2-Pad2)">
      <node ref="J2" pin="2"/>
    </net>
    <net code="27" name="Net-(J2-Pad1)">
      <node ref="J2" pin="1"/>
    </net>
    <net code="28" name="Net-(J1-Pad5)">
      <node ref="J1" pin="5"/>
    </net>
    <net code="29" name="13">
      <node ref="B6" pin="1"/>
      <node ref="J2" pin="17"/>
    </net>
    <net code="30" name="A0">
      <node ref="J2" pin="14"/>
      <node ref="A1" pin="2"/>
      <node ref="R8" pin="1"/>
    </net>
    <net code="31" name="Net-(A2-Pad1)">
      <node ref="A2" pin="1"/>
    </net>
    <net code="32" name="A1">
      <node ref="R9" pin="1"/>
      <node ref="J2" pin="13"/>
      <node ref="A2" pin="2"/>
    </net>
    <net code="33" name="A2">
      <node ref="A3" pin="1"/>
      <node ref="R4" pin="2"/>
      <node ref="J2" pin="12"/>
    </net>
    <net code="34" name="Net-(A3-Pad2)">
      <node ref="A3" pin="2"/>
    </net>
    <net code="35" name="A3">
      <node ref="J2" pin="11"/>
      <node ref="R5" pin="2"/>
      <node ref="A4" pin="1"/>
    </net>
    <net code="36" name="Net-(A4-Pad2)">
      <node ref="A4" pin="2"/>
    </net>
    <net code="37" name="A4">
      <node ref="A5" pin="1"/>
      <node ref="J2" pin="10"/>
      <node ref="R6" pin="2"/>
    </net>
    <net code="38" name="Net-(A5-Pad2)">
      <node ref="A5" pin="2"/>
    </net>
    <net code="39" name="A5">
      <node ref="A6" pin="1"/>
      <node ref="R7" pin="2"/>
      <node ref="J2" pin="9"/>
    </net>
    <net code="40" name="Net-(J1-Pad7)">
      <node ref="J1" pin="7"/>
    </net>
    <net code="41" name="Net-(J1-Pad8)">
      <node ref="J1" pin="8"/>
    </net>
    <net code="42" name="Net-(J1-Pad6)">
      <node ref="J1" pin="6"/>
      <node ref="J2" pin="4"/>
    </net>
  </nets>
</export>
